product_category_name_english,order_purchase_year_month,customer_state,order_count,price
agro_industry_and_commerce,1,SP,2,43.98
agro_industry_and_commerce,2,MS,2,114.89
agro_industry_and_commerce,3,PR,1,59.99
agro_industry_and_commerce,5,PR,1,869.97
agro_industry_and_commerce,6,PR,1,1390.0
agro_industry_and_commerce,7,SP,1,1180.0
agro_industry_and_commerce,8,RO,4,88.0
agro_industry_and_commerce,9,RJ,1,799.99
agro_industry_and_commerce,10,SP,2,2434.0
agro_industry_and_commerce,11,MG,6,5934.6
agro_industry_and_commerce,12,RJ,1,2199.0
agro_industry_and_commerce,1,SP,7,3117.0
agro_industry_and_commerce,2,SP,9,2621.8
agro_industry_and_commerce,3,SP,19,3059.0
agro_industry_and_commerce,4,AL,1,1476.3
agro_industry_and_commerce,5,SP,4,2102.0
agro_industry_and_commerce,6,SP,5,2207.9
agro_industry_and_commerce,7,SP,14,2033.0900000000001
agro_industry_and_commerce,8,MG,2,2048.9
air_conditioning,10,SC,4,599.6
air_conditioning,1,SP,3,474.70000000000005
air_conditioning,2,SP,4,1168.9
air_conditioning,3,SP,9,1564.2800000000004
air_conditioning,4,RJ,3,1077.75
air_conditioning,5,SP,3,451.78999999999996
air_conditioning,6,RJ,4,1138.75
air_conditioning,7,RJ,3,1259.3000000000002
air_conditioning,8,RJ,6,2974.8
air_conditioning,9,RJ,3,1155.8899999999999
air_conditioning,10,SP,7,1742.0
air_conditioning,11,SP,12,2841.9300000000003
air_conditioning,12,RJ,1,299.9
air_conditioning,1,RJ,10,2572.08
air_conditioning,2,SP,7,1933.1000000000004
air_conditioning,3,SP,11,1235.58
air_conditioning,4,SP,9,997.5
air_conditioning,5,SP,6,915.8
air_conditioning,6,SP,11,1856.8
air_conditioning,7,SP,8,1124.9699999999998
air_conditioning,8,SP,10,1860.4
art,3,GO,1,109.6
art,4,BA,1,119.9
art,5,SP,2,6502.5
art,6,SP,9,373.05
art,7,DF,1,239.9
art,8,RJ,1,110.0
art,9,SP,2,339.89
art,10,RJ,2,229.05
art,11,MG,1,75.0
art,12,SP,2,65.35
art,1,SP,12,1603.8100000000002
art,2,SP,4,381.86999999999995
art,3,SP,4,241.5
art,4,SP,12,1149.83
art,5,SP,16,1317.41
art,6,SP,16,1431.51
art,7,SP,8,678.93
art,8,SP,9,742.4399999999999
arts_and_craftmanship,5,MG,1,21.99
arts_and_craftmanship,7,MG,1,129.9
arts_and_craftmanship,4,MG,1,15.99
arts_and_craftmanship,5,SP,1,89.8
arts_and_craftmanship,7,SP,9,467.17999999999995
arts_and_craftmanship,8,SP,6,349.27
audio,10,RJ,1,132.0
audio,2,MG,2,69.9
audio,3,SP,5,293.78000000000003
audio,4,SP,6,489.4
audio,5,SP,6,868.5899999999999
audio,6,SP,4,522.0
audio,7,SP,4,413.79999999999995
audio,8,RJ,2,703.9
audio,9,SC,1,229.99
audio,10,SP,16,907.4899999999998
audio,11,SP,14,1557.2500000000005
audio,12,SP,9,987.3699999999999
audio,1,SP,11,2082.3900000000003
audio,2,RJ,3,948.99
audio,3,SP,6,2734.0
audio,4,SP,14,2866.0000000000005
audio,5,SP,10,1719.08
audio,6,DF,2,600.9
audio,7,RJ,4,797.0
audio,8,RJ,8,1006.5
auto,10,CE,1,499.99
auto,1,SP,12,2196.48
auto,2,SP,26,4893.629999999999
auto,3,SP,39,5009.079999999999
auto,4,SP,33,4581.58
auto,5,SP,46,6971.76
auto,6,SP,53,17928.079999999994
auto,7,SP,50,5156.7599999999975
auto,8,SP,62,5380.019999999999
auto,9,SP,35,3420.41
auto,10,SP,48,5167.3499999999985
auto,11,SP,110,11974.569999999987
auto,12,SP,119,14912.649999999989
auto,1,SP,117,15477.439999999997
auto,2,SP,127,12879.789999999988
auto,3,SP,140,17519.959999999992
auto,4,SP,143,17522.229999999992
auto,5,SP,146,17454.409999999985
auto,6,SP,128,14464.60999999999
auto,7,SP,140,11614.83999999999
auto,8,SP,169,19361.83
baby,10,RJ,3,619.88
baby,1,RS,3,2643.0
baby,2,RJ,3,904.9
baby,3,SP,13,1198.42
baby,4,SP,21,1381.8200000000002
baby,5,SP,37,2894.9900000000007
baby,6,SP,44,3759.010000000001
baby,7,SP,54,6526.409999999995
baby,8,SP,44,7208.0499999999965
baby,9,SP,68,8727.059999999996
baby,10,SP,62,5956.409999999996
baby,11,SP,81,7102.609999999993
baby,12,SP,55,7101.1299999999965
baby,1,SP,80,11768.809999999989
baby,2,SP,72,9813.219999999994
baby,3,SP,96,14924.329999999987
baby,4,SP,98,14607.629999999986
baby,5,SP,124,17644.599999999988
baby,6,SP,94,13891.869999999992
baby,7,SP,98,8375.639999999987
baby,8,SP,102,11600.689999999988
bed_bath_table,10,PR,5,219.29
bed_bath_table,1,SP,18,1573.4800000000002
bed_bath_table,2,SP,68,5909.249999999996
bed_bath_table,3,SP,130,11899.999999999976
bed_bath_table,4,SP,115,11824.74999999997
bed_bath_table,5,SP,161,13100.589999999973
bed_bath_table,6,SP,177,15510.43999999997
bed_bath_table,7,SP,247,26513.34000000007
bed_bath_table,8,SP,232,22361.58000000003
bed_bath_table,9,SP,217,20907.650000000027
bed_bath_table,10,SP,217,17178.33999999997
bed_bath_table,11,SP,403,37541.650000000205
bed_bath_table,12,SP,245,23143.70000000006
bed_bath_table,1,SP,412,36366.67000000019
bed_bath_table,2,SP,323,27218.34000000012
bed_bath_table,3,SP,374,32089.480000000145
bed_bath_table,4,SP,354,33004.21000000016
bed_bath_table,5,SP,416,39116.050000000185
bed_bath_table,6,SP,420,38029.58000000016
bed_bath_table,7,SP,323,27613.83000000006
bed_bath_table,8,SP,382,37351.69000000008
books_general_interest,10,PE,1,119.5
books_general_interest,1,SP,2,234.89
books_general_interest,2,RJ,3,257.31
books_general_interest,3,ES,5,604.1
books_general_interest,4,SP,4,262.7
books_general_interest,5,SP,6,482.09999999999997
books_general_interest,6,RS,4,429.70000000000005
books_general_interest,7,SP,5,361.5
books_general_interest,8,SP,15,1161.51
books_general_interest,9,SP,9,578.64
books_general_interest,10,MG,6,263.8
books_general_interest,11,SP,19,1326.68
books_general_interest,12,SP,10,658.0
books_general_interest,1,RN,12,408.0
books_general_interest,2,SP,14,722.55
books_general_interest,3,SP,20,922.24
books_general_interest,4,SP,17,2733.23
books_general_interest,5,SP,26,2729.1800000000007
books_general_interest,6,SP,20,2419.7100000000005
books_general_interest,7,SP,13,2213.76
books_general_interest,8,SP,26,1163.33
books_imported,2,MG,1,99.0
books_imported,4,MG,1,19.99
books_imported,6,MG,2,99.0
books_imported,8,SP,1,61.0
books_imported,9,SP,4,290.0
books_imported,11,SP,2,170.0
books_imported,12,BA,1,77.0
books_imported,1,SP,4,436.0
books_imported,2,SP,3,325.0
books_imported,3,SP,3,259.0
books_imported,4,SP,4,317.99
books_imported,5,RJ,2,212.0
books_imported,6,SP,3,143.76999999999998
books_imported,7,SP,5,227.81
books_imported,8,MA,1,749.0
books_technical,10,SP,1,267.0
books_technical,2,SP,1,159.0
books_technical,3,SP,1,45.0
books_technical,4,SP,1,75.0
books_technical,5,TO,1,148.6
books_technical,6,MG,1,80.0
books_technical,7,PR,1,329.0
books_technical,8,SP,6,675.9
books_technical,9,SP,2,414.35
books_technical,10,RJ,1,269.0
books_technical,11,DF,2,343.0
books_technical,12,SP,1,274.95
books_technical,1,ES,2,418.95
books_technical,2,SC,4,412.69
books_technical,3,SP,4,363.81999999999994
books_technical,4,PR,3,363.95
books_technical,5,SP,23,1418.6200000000001
books_technical,6,SP,12,721.5600000000001
books_technical,7,SP,12,703.71
books_technical,8,SP,19,874.69
cds_dvds_musicals,7,RJ,2,90.0
cds_dvds_musicals,8,RS,2,90.0
cds_dvds_musicals,10,RS,1,45.0
cds_dvds_musicals,11,SP,3,195.0
cds_dvds_musicals,12,SP,1,65.0
cds_dvds_musicals,4,MA,1,65.0
christmas_supplies,4,RO,1,69.0
christmas_supplies,6,RJ,1,124.9
christmas_supplies,7,SP,1,58.9
christmas_supplies,8,BA,1,58.9
christmas_supplies,9,DF,2,117.8
christmas_supplies,10,SP,8,135.52
christmas_supplies,11,MG,6,440.95
christmas_supplies,12,SP,5,210.89000000000001
christmas_supplies,1,RS,3,269.9
christmas_supplies,2,PA,6,701.4
christmas_supplies,3,SP,5,237.05
christmas_supplies,4,BA,4,103.42000000000002
christmas_supplies,5,MG,1,239.8
christmas_supplies,6,MG,1,79.0
christmas_supplies,7,SP,6,397.87999999999994
christmas_supplies,8,BA,1,295.0
cine_photo,2,MG,1,59.0
cine_photo,4,SC,1,59.0
cine_photo,5,RJ,1,59.0
cine_photo,6,SP,1,79.0
cine_photo,9,SP,1,69.0
cine_photo,10,MG,1,69.0
cine_photo,11,RJ,1,242.0
cine_photo,1,SP,2,199.98
cine_photo,2,BA,1,130.0
cine_photo,3,PA,2,199.9
cine_photo,4,RS,3,371.99
cine_photo,5,SC,1,873.99
cine_photo,6,SP,6,245.15000000000003
cine_photo,7,MT,1,675.99
cine_photo,8,SP,6,371.58
computers,1,RS,1,2199.99
computers,2,DF,1,3549.0
computers,8,SP,8,9300.0
computers,9,SP,18,24049.360000000004
computers,10,RJ,6,10413.97
computers,11,MG,3,4311.0
computers,12,BA,8,6274.0
computers,1,RJ,3,1797.0
computers,4,SP,6,6896.969999999999
computers,5,SP,10,6839.949999999999
computers,6,BA,7,5230.0
computers,7,ES,1,6729.0
computers,8,SP,5,4199.0
computers_accessories,10,MG,7,449.89
computers_accessories,1,RS,2,2019.9
computers_accessories,2,DF,1,3699.99
computers_accessories,3,SP,66,9666.429999999993
computers_accessories,4,SP,55,8721.549999999997
computers_accessories,5,SP,118,13234.719999999985
computers_accessories,6,SP,91,12938.47999999999
computers_accessories,7,RJ,58,10860.12999999999
computers_accessories,8,SP,162,17174.28999999999
computers_accessories,9,SP,89,10024.719999999992
computers_accessories,10,SP,123,13796.389999999978
computers_accessories,11,SP,186,23107.45000000001
computers_accessories,12,SP,106,14311.059999999992
computers_accessories,1,SP,298,34282.53000000007
computers_accessories,2,SP,378,39973.28000000012
computers_accessories,3,SP,315,36266.82000000008
computers_accessories,4,SP,256,27738.490000000045
computers_accessories,5,SP,198,20949.25000000002
computers_accessories,6,SP,177,17978.979999999985
computers_accessories,7,SP,180,17424.399999999987
computers_accessories,8,SP,199,17394.37999999998
consoles_games,10,SP,4,1187.38
consoles_games,1,SP,9,2885.26
consoles_games,2,MG,5,1431.1
consoles_games,3,SP,20,4378.320000000001
consoles_games,4,SP,9,2159.37
consoles_games,5,SP,16,1443.4399999999998
consoles_games,6,RJ,8,1854.35
consoles_games,7,SP,20,2307.2100000000005
consoles_games,8,SP,36,4106.020000000001
consoles_games,9,SP,24,3077.76
consoles_games,10,SP,54,4674.820000000001
consoles_games,11,SP,56,5225.989999999998
consoles_games,12,SP,50,4539.06
consoles_games,1,SP,27,2841.9800000000005
consoles_games,2,SP,26,4521.24
consoles_games,3,MG,12,5484.619999999999
consoles_games,4,SP,22,3018.7199999999993
consoles_games,5,SP,20,3760.129999999999
consoles_games,6,SP,19,4541.329999999999
consoles_games,7,SP,18,3051.9500000000003
consoles_games,8,SP,28,2044.4300000000003
construction_tools_construction,1,MG,1,310.0
construction_tools_construction,2,MG,1,149.9
construction_tools_construction,3,SP,3,463.4
construction_tools_construction,5,CE,1,99.99
construction_tools_construction,6,RJ,4,216.69
construction_tools_construction,7,RS,2,199.98
construction_tools_construction,8,CE,2,444.38
construction_tools_construction,9,SP,4,618.7
construction_tools_construction,10,SP,9,837.8
construction_tools_construction,11,MG,10,1569.9099999999999
construction_tools_construction,12,MG,3,1932.35
construction_tools_construction,1,SP,23,3345.9800000000005
construction_tools_construction,2,SP,28,2967.3999999999996
construction_tools_construction,3,SP,34,5587.910000000002
construction_tools_construction,4,SP,47,4957.909999999999
construction_tools_construction,5,SP,59,10385.259999999998
construction_tools_construction,6,SP,51,10013.929999999997
construction_tools_construction,7,SP,47,5781.12
construction_tools_construction,8,SP,96,14326.699999999988
construction_tools_lights,7,GO,1,360.0
construction_tools_lights,8,RJ,1,360.0
construction_tools_lights,9,SP,1,229.0
construction_tools_lights,10,MA,1,250.0
construction_tools_lights,11,MG,3,750.0
construction_tools_lights,12,RJ,1,88.0
construction_tools_lights,1,SP,7,2392.99
construction_tools_lights,2,SP,7,667.95
construction_tools_lights,3,SP,4,1094.0
construction_tools_lights,4,SP,19,1789.99
construction_tools_lights,5,SP,20,2742.99
construction_tools_lights,6,SP,20,1375.8799999999999
construction_tools_lights,7,SP,27,3071.49
construction_tools_lights,8,SP,35,5019.870000000001
construction_tools_safety,2,RS,1,379.0
construction_tools_safety,3,PE,1,190.0
construction_tools_safety,8,BA,1,8.9
construction_tools_safety,9,SP,2,816.8399999999999
construction_tools_safety,10,SP,4,669.6999999999999
construction_tools_safety,11,SP,6,2102.49
construction_tools_safety,12,RJ,1,399.93
construction_tools_safety,1,MG,2,898.9
construction_tools_safety,2,MG,3,3318.8
construction_tools_safety,3,SP,9,3710.13
construction_tools_safety,4,SP,7,1201.01
construction_tools_safety,5,MS,1,2062.99
construction_tools_safety,6,SP,4,552.12
construction_tools_safety,7,MG,4,627.75
construction_tools_safety,8,SP,14,2026.23
cool_stuff,10,RS,1,399.0
cool_stuff,1,SP,9,1527.69
cool_stuff,2,SP,23,4740.450000000001
cool_stuff,3,SP,35,5609.559999999998
cool_stuff,4,SP,42,7357.469999999995
cool_stuff,5,SP,85,10323.369999999988
cool_stuff,6,SP,63,15115.48999999999
cool_stuff,7,SP,85,13401.589999999991
cool_stuff,8,SP,83,12305.909999999993
cool_stuff,9,SP,71,13096.40999999999
cool_stuff,10,SP,96,14368.439999999982
cool_stuff,11,SP,111,17977.449999999993
cool_stuff,12,SP,89,13238.35999999999
cool_stuff,1,SP,118,13911.23999999999
cool_stuff,2,SP,75,13353.479999999992
cool_stuff,3,SP,95,10785.539999999992
cool_stuff,4,SP,78,13048.459999999992
cool_stuff,5,SP,56,9665.439999999995
cool_stuff,6,SP,35,5821.039999999998
cool_stuff,7,SP,48,7362.049999999997
cool_stuff,8,SP,65,9900.149999999992
costruction_tools_garden,2,RJ,2,579.98
costruction_tools_garden,4,BA,1,589.9
costruction_tools_garden,5,PB,1,599.9
costruction_tools_garden,6,MG,2,199.8
costruction_tools_garden,7,SP,7,290.68
costruction_tools_garden,8,SP,5,821.6
costruction_tools_garden,9,SC,1,74.9
costruction_tools_garden,10,MG,3,563.9
costruction_tools_garden,11,BA,3,551.9000000000001
costruction_tools_garden,12,RJ,1,495.0
costruction_tools_garden,1,RJ,7,2109.89
costruction_tools_garden,2,SP,12,881.4799999999999
costruction_tools_garden,3,RJ,5,997.5
costruction_tools_garden,4,RJ,5,671.89
costruction_tools_garden,5,ES,1,385.0
costruction_tools_garden,6,SP,7,293.65000000000003
costruction_tools_garden,7,SP,13,817.13
costruction_tools_garden,8,CE,2,1500.8000000000002
costruction_tools_tools,4,SP,1,729.0
costruction_tools_tools,5,SP,2,803.9
costruction_tools_tools,9,SP,2,896.9
costruction_tools_tools,10,SP,2,758.9
costruction_tools_tools,11,RJ,1,149.9
costruction_tools_tools,12,SC,1,199.9
costruction_tools_tools,1,RJ,1,189.9
costruction_tools_tools,2,RS,2,618.0
costruction_tools_tools,3,MG,1,190.0
costruction_tools_tools,4,MG,4,417.0
costruction_tools_tools,5,SP,2,138.9
costruction_tools_tools,6,BA,1,250.0
costruction_tools_tools,7,SP,3,2221.2
costruction_tools_tools,8,SP,7,449.75
diapers_and_hygiene,10,RJ,1,134.9
diapers_and_hygiene,12,SP,2,76.0
diapers_and_hygiene,1,SP,5,125.0
diapers_and_hygiene,2,SP,4,100.0
diapers_and_hygiene,3,SP,5,125.0
diapers_and_hygiene,4,SP,3,112.0
diapers_and_hygiene,5,SP,2,74.0
diapers_and_hygiene,6,SP,4,141.0
diapers_and_hygiene,7,SP,3,102.8
diapers_and_hygiene,8,SP,3,231.89
drinks,3,SP,4,289.88
drinks,4,SP,1,109.99
drinks,5,PI,1,90.0
drinks,6,SP,1,49.99
drinks,7,RJ,1,173.99
drinks,8,RJ,1,109.9
drinks,9,SP,5,200.97
drinks,10,SP,5,255.49
drinks,11,SP,12,429.16
drinks,12,SP,21,891.94
drinks,1,SP,24,892.7
drinks,2,SP,19,1380.56
drinks,3,SP,11,463.27000000000004
drinks,4,RJ,14,3031.3899999999994
drinks,5,SP,26,1143.7200000000003
drinks,6,SP,22,755.98
drinks,7,SP,9,624.4899999999999
drinks,8,SP,21,679.8800000000001
dvds_blu_ray,1,PR,2,29.8
dvds_blu_ray,2,PE,1,14.9
dvds_blu_ray,3,SP,4,1464.7
dvds_blu_ray,4,SP,1,1420.0
dvds_blu_ray,5,RJ,2,49.8
dvds_blu_ray,6,RJ,1,69.99
dvds_blu_ray,7,SP,1,699.0
dvds_blu_ray,8,SP,2,36.8
dvds_blu_ray,9,RJ,1,19.9
dvds_blu_ray,10,RS,1,109.9
dvds_blu_ray,11,MG,1,39.99
dvds_blu_ray,12,MG,1,119.9
dvds_blu_ray,1,SC,1,24.9
dvds_blu_ray,2,RJ,1,24.9
dvds_blu_ray,3,AL,1,24.9
dvds_blu_ray,4,PR,3,74.69999999999999
dvds_blu_ray,5,RJ,3,163.97
dvds_blu_ray,6,SP,5,357.88
dvds_blu_ray,7,SP,1,83.99
dvds_blu_ray,8,SP,1,8.9
electronics,10,SP,2,1306.99
electronics,1,SP,6,389.70000000000005
electronics,2,RJ,7,488.2
electronics,3,RJ,5,878.48
electronics,4,SP,20,1731.99
electronics,5,SP,23,2901.89
electronics,6,SP,14,443.4599999999999
electronics,7,SP,33,2053.0300000000007
electronics,8,RJ,9,870.84
electronics,9,SP,26,1320.79
electronics,10,SP,19,720.5999999999999
electronics,11,SP,74,4877.52
electronics,12,SP,71,3022.54
electronics,1,SP,120,4517.199999999999
electronics,2,SP,103,4722.349999999998
electronics,3,MG,22,3364.7299999999996
electronics,4,SP,77,2884.2900000000022
electronics,5,SP,97,6637.979999999988
electronics,6,SP,73,4089.420000000003
electronics,7,SP,67,3330.5999999999995
electronics,8,SP,44,3380.48
fashio_female_clothing,10,MG,1,54.9
fashio_female_clothing,1,RJ,1,54.9
fashio_female_clothing,2,MG,2,248.9
fashio_female_clothing,3,SP,1,19.9
fashio_female_clothing,4,BA,1,64.9
fashio_female_clothing,5,SP,3,217.60000000000002
fashio_female_clothing,6,PR,2,89.9
fashio_female_clothing,7,SP,3,180.8
fashio_female_clothing,8,SP,2,113.9
fashio_female_clothing,9,SP,1,198.9
fashio_female_clothing,11,SP,2,49.89
fashio_female_clothing,1,SP,3,161.79000000000002
fashio_female_clothing,2,MG,1,29.99
fashio_female_clothing,3,SP,4,119.96
fashio_female_clothing,4,SP,5,174.95000000000002
fashio_female_clothing,8,SP,2,94.98
fashion_bags_accessories,10,SP,3,163.8
fashion_bags_accessories,12,PR,1,10.9
fashion_bags_accessories,1,SP,6,579.58
fashion_bags_accessories,2,SP,15,843.9899999999998
fashion_bags_accessories,3,SP,23,1767.0700000000006
fashion_bags_accessories,4,SP,19,978.05
fashion_bags_accessories,5,SP,47,2239.910000000001
fashion_bags_accessories,6,SP,33,2530.280000000001
fashion_bags_accessories,7,SP,35,1807.2000000000005
fashion_bags_accessories,8,SP,42,2442.38
fashion_bags_accessories,9,SP,46,4768.73
fashion_bags_accessories,10,SP,53,2921.670000000001
fashion_bags_accessories,11,SP,94,5289.579999999997
fashion_bags_accessories,12,SP,55,3142.250000000002
fashion_bags_accessories,1,SP,54,2535.8199999999997
fashion_bags_accessories,2,SP,40,2719.8600000000006
fashion_bags_accessories,3,SP,52,3330.000000000001
fashion_bags_accessories,4,SP,52,3820.3800000000015
fashion_bags_accessories,5,SP,55,6223.119999999999
fashion_bags_accessories,6,SP,37,3109.0600000000004
fashion_bags_accessories,7,SP,36,2182.540000000001
fashion_bags_accessories,8,SP,64,3847.0300000000016
fashion_childrens_clothes,5,RJ,1,110.0
fashion_childrens_clothes,6,SP,1,110.0
fashion_childrens_clothes,8,SC,1,49.9
fashion_childrens_clothes,9,BA,1,89.99
fashion_childrens_clothes,10,SP,1,39.99
fashion_childrens_clothes,3,SC,1,39.99
fashion_childrens_clothes,6,SP,1,89.99
fashion_male_clothing,10,SP,1,24.9
fashion_male_clothing,1,PA,1,126.9
fashion_male_clothing,2,SP,2,259.8
fashion_male_clothing,3,SP,4,351.3
fashion_male_clothing,4,SP,5,199.50000000000003
fashion_male_clothing,5,RS,2,387.1
fashion_male_clothing,6,SP,5,180.1
fashion_male_clothing,7,PR,3,321.9
fashion_male_clothing,8,MG,5,510.78
fashion_male_clothing,9,SP,6,479.4
fashion_male_clothing,10,SP,4,485.19999999999993
fashion_male_clothing,11,SP,8,700.39
fashion_male_clothing,12,BA,1,292.5
fashion_male_clothing,1,MG,2,239.8
fashion_male_clothing,2,SP,1,187.2
fashion_male_clothing,4,ES,1,195.0
fashion_male_clothing,5,PR,1,129.99
fashion_male_clothing,6,SP,5,342.79999999999995
fashion_male_clothing,7,SP,3,114.9
fashion_male_clothing,8,GO,1,198.8
fashion_shoes,10,SP,1,29.99
fashion_shoes,1,SP,1,34.9
fashion_shoes,2,GO,2,69.8
fashion_shoes,3,SP,6,409.19999999999993
fashion_shoes,4,SP,6,403.4
fashion_shoes,5,SP,12,653.4399999999998
fashion_shoes,6,SP,10,846.5999999999999
fashion_shoes,7,SP,8,457.12999999999994
fashion_shoes,8,RJ,9,434.0999999999999
fashion_shoes,9,MG,4,374.6
fashion_shoes,10,SP,5,459.0
fashion_shoes,11,SP,7,551.2
fashion_shoes,12,SP,7,486.1
fashion_shoes,1,SC,3,254.70000000000002
fashion_shoes,2,PE,2,242.8
fashion_shoes,3,SP,4,290.6
fashion_shoes,4,SP,3,298.5
fashion_shoes,5,SP,4,749.5
fashion_shoes,6,SP,3,390.59000000000003
fashion_shoes,7,PE,1,239.9
fashion_shoes,8,AC,1,220.7
fashion_sport,3,RJ,1,39.9
fashion_sport,4,SP,2,99.8
fashion_sport,5,SC,1,49.95
fashion_sport,6,SP,4,430.6
fashion_sport,7,SP,1,69.9
fashion_sport,8,MA,1,205.9
fashion_sport,9,MG,1,225.0
fashion_sport,10,SP,1,59.9
fashion_sport,11,SP,1,59.9
fashion_sport,12,BA,1,59.9
fashion_sport,1,SC,1,59.9
fashion_sport,3,SP,1,89.9
fashion_sport,4,RJ,1,89.9
fashion_sport,8,SP,1,69.9
fashion_underwear_beach,1,DF,1,86.25
fashion_underwear_beach,2,RJ,5,268.98
fashion_underwear_beach,3,SP,4,317.15
fashion_underwear_beach,4,MG,1,62.0
fashion_underwear_beach,5,GO,1,192.0
fashion_underwear_beach,6,GO,1,3.9
fashion_underwear_beach,7,MG,1,155.0
fashion_underwear_beach,8,SP,8,609.3
fashion_underwear_beach,9,SP,6,409.4
fashion_underwear_beach,10,SP,2,137.9
fashion_underwear_beach,11,BA,2,338.0
fashion_underwear_beach,12,SP,6,424.49999999999994
fashion_underwear_beach,1,SP,4,324.7
fashion_underwear_beach,2,SC,2,129.8
fashion_underwear_beach,3,SP,2,119.8
fashion_underwear_beach,4,SP,5,309.49999999999994
fashion_underwear_beach,5,SP,3,149.7
fashion_underwear_beach,6,GO,1,59.9
fashion_underwear_beach,7,SP,1,59.9
fashion_underwear_beach,8,SP,2,219.9
fixed_telephony,10,SP,3,499.88
fixed_telephony,1,SP,11,337.3
fixed_telephony,2,SP,4,206.76000000000002
fixed_telephony,3,BA,4,559.96
fixed_telephony,4,SP,6,2841.5
fixed_telephony,5,GO,1,189.99
fixed_telephony,6,RJ,1,385.26
fixed_telephony,7,SP,2,67.98
fixed_telephony,8,SP,13,1394.76
fixed_telephony,9,RJ,9,13472.99
fixed_telephony,10,TO,1,1380.0
fixed_telephony,11,PA,1,577.99
fixed_telephony,12,AL,1,623.99
fixed_telephony,1,PB,1,1380.0
fixed_telephony,2,BA,2,3300.0
fixed_telephony,3,SP,8,1292.09
fixed_telephony,4,RJ,3,791.0
fixed_telephony,5,SP,13,1268.1
fixed_telephony,6,SP,10,1340.5800000000002
fixed_telephony,7,ES,4,7160.0
fixed_telephony,8,SP,7,1715.2899999999997
flowers,11,SP,2,109.8
flowers,12,ES,1,59.9
flowers,1,PE,2,109.8
flowers,2,SP,3,109.49000000000001
flowers,3,SP,2,59.78
flowers,4,SP,2,116.4
flowers,5,MG,1,16.4
flowers,6,RJ,2,108.0
flowers,7,RS,1,30.0
food,10,SP,1,79.9
food,1,SP,2,42.82
food,2,SP,2,177.4
food,3,SP,8,1074.38
food,4,SP,4,277.99
food,5,SP,2,238.0
food,6,PE,1,149.9
food,7,SP,3,249.27
food,8,PE,2,165.22
food,9,RJ,7,343.27
food,10,SP,10,314.34000000000003
food,11,SP,11,327.63
food,12,SP,8,509.53
food,1,SP,12,506.65
food,2,SP,20,1022.8200000000002
food,3,SP,21,797.38
food,4,SP,24,966.6699999999998
food,5,SP,23,832.3899999999998
food,6,SP,16,876.3899999999999
food,7,SP,29,1510.9900000000007
food,8,SP,82,5262.829999999998
food_drink,3,SP,4,90.9
food_drink,4,SP,3,47.9
food_drink,5,SP,9,160.4
food_drink,6,RJ,1,37.5
food_drink,7,SP,4,88.80000000000001
food_drink,8,SP,7,208.06
food_drink,9,RJ,5,180.46000000000004
food_drink,10,SP,5,914.24
food_drink,11,SP,14,701.59
food_drink,12,SP,10,427.00000000000006
food_drink,1,SP,2,102.4
food_drink,2,SP,18,769.5999999999999
food_drink,3,MG,6,828.37
food_drink,4,SP,10,279.01
food_drink,5,SP,11,755.45
food_drink,6,RJ,4,117.92
food_drink,7,SP,10,358.9
food_drink,8,SP,15,796.6800000000001
furniture_bedroom,1,PR,7,63.3
furniture_bedroom,2,MG,1,450.0
furniture_bedroom,4,PR,2,229.98
furniture_bedroom,5,SP,6,1896.99
furniture_bedroom,6,RJ,1,219.0
furniture_bedroom,7,SP,2,739.0
furniture_bedroom,8,SP,2,389.0
furniture_bedroom,9,MT,2,469.8
furniture_bedroom,10,DF,1,510.0
furniture_bedroom,11,MG,1,510.0
furniture_bedroom,12,RJ,1,185.0
furniture_bedroom,1,SP,4,729.8
furniture_bedroom,2,SP,3,464.79999999999995
furniture_bedroom,3,SP,4,683.8
furniture_bedroom,4,RJ,3,675.0
furniture_bedroom,5,MG,1,650.0
furniture_bedroom,6,SP,5,755.99
furniture_bedroom,7,SP,6,868.9
furniture_bedroom,8,SP,10,1849.0
furniture_decor,9,RR,2,72.89
furniture_decor,10,SP,24,1867.4100000000005
furniture_decor,1,SP,91,6028.499999999998
furniture_decor,2,SP,118,9440.279999999982
furniture_decor,3,SP,131,8350.77999999999
furniture_decor,4,SP,72,7931.939999999991
furniture_decor,5,SP,117,11414.619999999984
furniture_decor,6,SP,113,8107.39999999999
furniture_decor,7,SP,145,10530.949999999986
furniture_decor,8,SP,190,14783.439999999977
furniture_decor,9,SP,125,8589.459999999988
furniture_decor,10,SP,133,9775.209999999985
furniture_decor,11,SP,339,26182.040000000117
furniture_decor,12,SP,203,14794.369999999966
furniture_decor,1,SP,274,23707.620000000083
furniture_decor,2,SP,178,14022.689999999975
furniture_decor,3,SP,216,19238.62999999999
furniture_decor,4,SP,246,19889.28
furniture_decor,5,SP,251,21165.88000000002
furniture_decor,6,SP,175,16997.889999999985
furniture_decor,7,SP,188,17486.769999999986
furniture_decor,8,SP,202,16402.859999999968
furniture_living_room,1,RJ,5,519.9499999999999
furniture_living_room,2,RJ,8,913.92
furniture_living_room,3,MG,8,1153.75
furniture_living_room,4,RJ,4,1062.77
furniture_living_room,5,SP,14,2094.58
furniture_living_room,6,SP,8,823.64
furniture_living_room,7,SP,9,1466.7600000000002
furniture_living_room,8,SP,10,938.8399999999999
furniture_living_room,9,SP,5,440.19
furniture_living_room,10,SP,10,503.36
furniture_living_room,11,SP,25,2847.809999999999
furniture_living_room,12,RJ,6,966.56
furniture_living_room,1,SP,11,1177.52
furniture_living_room,2,MA,3,1380.0
furniture_living_room,3,RJ,6,1380.6499999999999
furniture_living_room,4,SP,13,1487.2300000000002
furniture_living_room,5,RJ,6,1585.41
furniture_living_room,6,SP,11,1510.3700000000001
furniture_living_room,7,SP,26,3480.34
furniture_living_room,8,SP,18,2302.99
furniture_mattress_and_upholstery,4,RJ,1,109.4
furniture_mattress_and_upholstery,5,RJ,1,399.99
furniture_mattress_and_upholstery,7,SP,1,109.4
furniture_mattress_and_upholstery,8,MG,1,399.99
furniture_mattress_and_upholstery,9,RJ,1,86.5
furniture_mattress_and_upholstery,11,RN,1,249.0
furniture_mattress_and_upholstery,12,SP,5,425.0
furniture_mattress_and_upholstery,1,SP,7,710.5
furniture_mattress_and_upholstery,2,SP,4,269.7
furniture_mattress_and_upholstery,3,SP,3,330.0
furniture_mattress_and_upholstery,7,SP,1,129.9
garden_tools,10,RJ,1,590.0
garden_tools,1,MG,9,2220.9
garden_tools,2,SP,28,3665.7999999999997
garden_tools,3,SP,49,5559.659999999995
garden_tools,4,SP,38,5057.01
garden_tools,5,SP,46,5967.969999999997
garden_tools,6,SP,42,5879.44
garden_tools,7,SP,73,6397.149999999996
garden_tools,8,SP,83,9012.059999999996
garden_tools,9,SP,66,8180.519999999995
garden_tools,10,SP,93,8502.779999999992
garden_tools,11,SP,174,12982.37999999998
garden_tools,12,SP,118,9058.989999999994
garden_tools,1,SP,79,6211.269999999993
garden_tools,2,SP,94,6611.819999999995
garden_tools,3,SP,96,11163.739999999989
garden_tools,4,SP,114,14629.529999999977
garden_tools,5,SP,121,10910.399999999987
garden_tools,6,SP,86,5918.549999999994
garden_tools,7,SP,90,9511.539999999997
garden_tools,8,SP,56,5829.3899999999985
health_beauty,9,SP,3,134.97
health_beauty,10,RJ,8,1445.58
health_beauty,1,SP,32,3204.250000000001
health_beauty,2,SP,68,6668.5799999999945
health_beauty,3,SP,77,9434.529999999993
health_beauty,4,SP,67,8575.839999999995
health_beauty,5,SP,115,11970.969999999985
health_beauty,6,SP,101,10120.329999999987
health_beauty,7,SP,135,10015.199999999999
health_beauty,8,SP,144,13397.689999999977
health_beauty,9,SP,125,16569.079999999984
health_beauty,10,SP,137,12868.719999999978
health_beauty,11,SP,220,31888.080000000104
health_beauty,12,SP,178,22496.91000000004
health_beauty,1,SP,283,28162.880000000056
health_beauty,2,SP,266,27855.04000000006
health_beauty,3,SP,303,35576.85000000011
health_beauty,4,SP,339,40047.7800000001
health_beauty,5,SP,392,43274.670000000086
health_beauty,6,SP,428,41808.80000000011
health_beauty,7,SP,361,36476.05000000008
health_beauty,8,SP,419,50883.830000000075
home_appliances,2,SP,3,319.0
home_appliances,3,SP,4,135.6
home_appliances,4,SC,4,182.7
home_appliances,5,SP,12,813.0899999999999
home_appliances,6,SP,18,1113.5900000000001
home_appliances,7,PR,2,964.15
home_appliances,8,SP,19,1037.85
home_appliances,9,MA,2,1197.8
home_appliances,10,SP,2,733.9
home_appliances,11,SP,12,2034.7500000000002
home_appliances,12,SP,9,493.37
home_appliances,1,SP,13,641.3299999999999
home_appliances,2,SP,22,3468.4900000000007
home_appliances,3,SP,29,3062.3900000000003
home_appliances,4,SP,52,8460.14
home_appliances,5,SP,29,2799.8000000000006
home_appliances,6,SP,30,2943.2799999999997
home_appliances,7,SP,43,2566.26
home_appliances,8,SP,31,2168.5100000000007
home_appliances_2,1,SC,2,998.0
home_appliances_2,2,MG,1,15.99
home_appliances_2,3,MG,1,487.0
home_appliances_2,4,MT,1,399.9
home_appliances_2,5,SC,1,1697.0
home_appliances_2,6,SP,3,547.99
home_appliances_2,7,SP,3,397.99
home_appliances_2,8,SP,7,1276.58
home_appliances_2,9,TO,1,497.0
home_appliances_2,10,SP,4,1207.88
home_appliances_2,11,SP,5,2105.2
home_appliances_2,12,SP,4,1229.38
home_appliances_2,1,SP,5,3721.9
home_appliances_2,2,SP,10,3154.86
home_appliances_2,3,RJ,6,1772.8
home_appliances_2,4,RJ,9,10107.9
home_appliances_2,5,RJ,6,5611.98
home_appliances_2,6,RJ,3,2753.0
home_appliances_2,7,SP,5,4188.78
home_appliances_2,8,RS,2,3145.0
home_comfort_2,1,SP,2,72.8
home_comfort_2,3,SP,2,232.89000000000001
home_comfort_2,4,SP,1,12.9
home_comfort_2,6,PR,1,12.9
home_comfort_2,7,MG,1,12.9
home_comfort_2,8,SP,3,38.7
home_comfort_2,9,BA,1,12.9
home_comfort_2,10,RJ,4,51.6
home_comfort_2,11,ES,1,12.9
home_comfort_2,2,GO,2,25.8
home_comfort_2,3,SP,1,34.99
home_comfort_2,4,MG,1,12.9
home_comfort_2,6,SP,2,25.8
home_comfort_2,7,SP,2,25.8
home_confort,2,SC,1,230.0
home_confort,3,MG,5,858.9
home_confort,4,SP,7,1076.6
home_confort,5,SP,16,2022.1000000000004
home_confort,6,SP,13,2313.4900000000002
home_confort,7,SP,24,2225.8500000000004
home_confort,8,SP,11,1418.19
home_confort,9,SP,12,1494.6399999999999
home_confort,10,SP,15,2250.6
home_confort,11,SP,16,2194.890000000001
home_confort,12,SP,7,1069.2
home_confort,1,SP,8,914.5799999999999
home_confort,2,SP,11,1797.4700000000003
home_confort,3,SP,10,1273.2800000000002
home_confort,4,SP,9,1109.3
home_confort,5,SP,14,1577.0000000000002
home_confort,6,SP,11,1738.7000000000003
home_confort,7,SP,11,1558.39
home_confort,8,SP,7,1114.69
home_construction,2,RJ,2,373.8
home_construction,3,MG,1,146.9
home_construction,4,GO,1,620.1
home_construction,5,SP,5,1467.6
home_construction,6,RS,5,1228.5
home_construction,7,SC,2,93.6
home_construction,8,MG,1,124.8
home_construction,9,GO,2,435.7
home_construction,10,ES,1,978.0
home_construction,11,SP,15,1558.7000000000005
home_construction,12,SP,20,2991.65
home_construction,1,SP,20,2012.4000000000005
home_construction,2,RJ,7,1683.47
home_construction,3,SP,18,2315.48
home_construction,4,SP,45,5039.079999999998
home_construction,5,SP,42,6462.87
home_construction,6,SP,32,3864.9999999999986
home_construction,7,SP,20,2072.41
home_construction,8,SP,20,3831.2900000000004
housewares,10,SP,6,619.4
housewares,1,SP,14,1280.5500000000004
housewares,2,MS,1,6735.0
housewares,3,SP,85,5013.729999999995
housewares,4,SP,78,5181.0399999999945
housewares,5,SP,130,9688.099999999988
housewares,6,SP,151,9895.659999999978
housewares,7,SP,135,10056.599999999982
housewares,8,SP,131,10514.719999999985
housewares,9,SP,118,8500.439999999988
housewares,10,SP,115,8170.589999999991
housewares,11,SP,197,14972.22999999998
housewares,12,SP,147,11805.87999999999
housewares,1,SP,158,15099.389999999983
housewares,2,SP,173,15683.849999999986
housewares,3,SP,175,15987.519999999977
housewares,4,SP,238,22485.680000000026
housewares,5,SP,298,29108.89000000008
housewares,6,SP,273,23192.750000000044
housewares,7,SP,269,27532.440000000057
housewares,8,SP,338,28447.300000000047
industry_commerce_and_business,10,RS,2,179.8
industry_commerce_and_business,2,SC,1,119.0
industry_commerce_and_business,3,RJ,1,119.0
industry_commerce_and_business,5,SP,2,519.8
industry_commerce_and_business,6,PR,1,145.97
industry_commerce_and_business,7,PB,1,145.97
industry_commerce_and_business,8,PI,1,748.0
industry_commerce_and_business,9,SC,1,109.99
industry_commerce_and_business,10,SP,2,1727.89
industry_commerce_and_business,11,SP,3,1142.98
industry_commerce_and_business,12,RS,4,1321.9
industry_commerce_and_business,1,SP,9,1528.2999999999997
industry_commerce_and_business,2,SP,15,2022.89
industry_commerce_and_business,3,SP,12,1175.0
industry_commerce_and_business,4,SP,30,3184.6600000000003
industry_commerce_and_business,5,SP,22,1987.0
industry_commerce_and_business,6,SP,12,1297.0
industry_commerce_and_business,7,PB,1,3089.0
industry_commerce_and_business,8,SP,7,2144.7
kitchen_dining_laundry_garden_furniture,1,BA,1,110.0
kitchen_dining_laundry_garden_furniture,2,RN,1,110.0
kitchen_dining_laundry_garden_furniture,3,RJ,2,65.98
kitchen_dining_laundry_garden_furniture,4,MG,1,594.0
kitchen_dining_laundry_garden_furniture,5,RJ,3,691.8
kitchen_dining_laundry_garden_furniture,6,SP,2,277.9
kitchen_dining_laundry_garden_furniture,7,RJ,3,634.8
kitchen_dining_laundry_garden_furniture,8,SP,6,717.2
kitchen_dining_laundry_garden_furniture,9,SP,4,284.19
kitchen_dining_laundry_garden_furniture,10,PR,3,1200.0
kitchen_dining_laundry_garden_furniture,11,SP,16,2395.0900000000006
kitchen_dining_laundry_garden_furniture,12,SP,11,2614.76
kitchen_dining_laundry_garden_furniture,1,SP,9,3025.8
kitchen_dining_laundry_garden_furniture,2,SP,13,3799.4800000000005
kitchen_dining_laundry_garden_furniture,3,SP,5,1967.9
kitchen_dining_laundry_garden_furniture,4,RJ,3,1349.6999999999998
kitchen_dining_laundry_garden_furniture,5,SP,9,1774.2000000000003
kitchen_dining_laundry_garden_furniture,6,SP,17,2003.7800000000004
kitchen_dining_laundry_garden_furniture,7,SP,13,1460.3000000000002
kitchen_dining_laundry_garden_furniture,8,RJ,5,791.87
kitchen_dining_laundry_garden_furniture,9,SP,1,145.0
la_cuisine,4,SP,1,24.0
la_cuisine,5,RS,1,193.0
la_cuisine,7,RS,2,235.99
la_cuisine,8,SP,2,313.0
la_cuisine,10,MG,1,137.0
la_cuisine,11,GO,1,137.0
la_cuisine,1,SP,1,112.0
la_cuisine,3,SC,1,389.0
la_cuisine,4,SP,2,280.0
luggage_accessories,1,MG,2,294.8
luggage_accessories,2,SP,6,474.5
luggage_accessories,3,MG,10,1689.3700000000003
luggage_accessories,4,SP,23,3644.800000000001
luggage_accessories,5,SP,32,5728.7999999999965
luggage_accessories,6,SP,22,2922.660000000001
luggage_accessories,7,SP,31,3367.990000000002
luggage_accessories,8,SP,22,2592.9000000000005
luggage_accessories,9,SP,16,1675.2600000000004
luggage_accessories,10,SP,22,2178.980000000001
luggage_accessories,11,SP,29,3687.3100000000013
luggage_accessories,12,SP,24,3328.3000000000006
luggage_accessories,1,SP,61,8104.949999999993
luggage_accessories,2,MG,8,1508.56
luggage_accessories,3,SP,24,2582.8700000000003
luggage_accessories,4,SP,22,3424.0200000000004
luggage_accessories,5,SP,23,2964.3500000000004
luggage_accessories,6,SP,19,2286.28
luggage_accessories,7,SP,20,1908.37
luggage_accessories,8,SP,35,3315.09
market_place,10,MA,6,467.4
market_place,1,SP,4,359.14
market_place,2,SP,8,617.95
market_place,3,SP,7,722.5
market_place,4,BA,1,1964.0
market_place,5,SP,7,876.26
market_place,6,SP,7,551.15
market_place,7,SP,5,892.1899999999999
market_place,8,RJ,4,367.29
market_place,9,SP,5,529.4399999999999
market_place,10,SP,3,380.96999999999997
market_place,11,SE,1,365.0
market_place,12,SP,9,546.2499999999999
market_place,1,SP,9,597.05
market_place,2,SP,8,738.77
market_place,3,MG,3,558.6
market_place,4,RS,3,172.8
market_place,5,SP,6,423.77
market_place,6,SP,5,401.56
market_place,7,MG,1,55.99
market_place,8,SP,5,605.6700000000001
music,1,PR,2,19.8
music,3,RJ,1,27.99
music,4,RJ,1,34.9
music,6,SP,2,408.9
music,7,RJ,1,329.0
music,10,SP,1,54.9
music,1,RJ,1,24.97
music,2,SP,1,220.0
music,3,RS,1,299.0
music,4,GO,1,1165.97
music,5,RJ,2,440.0
music,6,SP,1,54.88
music,7,SP,2,780.4
music,8,SP,3,329.2
musical_instruments,1,SP,1,339.74
musical_instruments,2,SP,2,1587.72
musical_instruments,3,RJ,1,490.0
musical_instruments,4,SP,8,2015.6399999999999
musical_instruments,5,RJ,7,3297.3900000000003
musical_instruments,6,SP,9,1987.7600000000002
musical_instruments,7,SP,14,4136.990000000001
musical_instruments,8,PE,1,1999.0
musical_instruments,9,MG,7,4410.6
musical_instruments,10,SP,9,3071.4900000000002
musical_instruments,11,MG,10,5546.6
musical_instruments,12,SP,15,4255.24
musical_instruments,1,SP,20,6722.179999999999
musical_instruments,2,SP,18,2992.3400000000006
musical_instruments,3,SP,29,3442.5
musical_instruments,4,SP,24,7400.639999999998
musical_instruments,5,SP,23,4758.349999999999
musical_instruments,6,SP,24,7555.679999999998
musical_instruments,7,SP,17,2218.7700000000004
musical_instruments,8,SP,19,7745.049999999996
office_furniture,10,ES,1,689.99
office_furniture,1,SP,5,598.78
office_furniture,2,SP,19,3100.0499999999997
office_furniture,3,SP,28,4554.829999999997
office_furniture,4,SP,22,3680.1799999999994
office_furniture,5,SP,24,3578.709999999999
office_furniture,6,SP,14,2116.69
office_furniture,7,SP,46,6828.4599999999955
office_furniture,8,SP,19,3044.8700000000003
office_furniture,9,SP,26,3369.869999999999
office_furniture,10,SP,44,8007.129999999995
office_furniture,11,SP,29,4805.169999999998
office_furniture,12,SP,17,2294.3500000000004
office_furniture,1,SP,48,6973.559999999994
office_furniture,2,SP,36,5502.149999999999
office_furniture,3,SP,92,14818.909999999982
office_furniture,4,SP,55,8148.719999999989
office_furniture,5,SP,47,10842.99999999999
office_furniture,6,SP,36,6039.139999999998
office_furniture,7,SP,35,5853.419999999996
office_furniture,8,SP,17,3556.9300000000007
party_supplies,7,SP,1,69.9
party_supplies,9,RS,2,269.8
party_supplies,10,SP,1,69.9
party_supplies,11,MG,1,571.2
party_supplies,12,PR,1,257.6
party_supplies,1,RJ,1,67.9
party_supplies,3,MG,1,398.0
party_supplies,4,MG,2,43.8
party_supplies,5,GO,2,43.8
party_supplies,6,SP,2,84.80000000000001
party_supplies,7,SP,2,57.5
party_supplies,8,SP,7,532.6899999999999
pc_gamer,4,MG,1,129.99
pc_gamer,5,SP,1,129.99
pc_gamer,6,PE,1,129.99
pc_gamer,2,RJ,1,129.99
pc_gamer,7,SP,3,677.0
pc_gamer,8,RS,1,219.0
perfumery,10,RJ,10,1984.0000000000005
perfumery,1,SP,9,1607.1000000000004
perfumery,2,RJ,10,1739.0
perfumery,3,SP,37,8634.979999999994
perfumery,4,SP,39,7182.049999999995
perfumery,5,SP,62,9136.66999999999
perfumery,6,SP,60,10995.379999999994
perfumery,7,SP,49,5457.019999999996
perfumery,8,SP,50,4647.899999999996
perfumery,9,SP,63,6015.119999999994
perfumery,10,SP,83,6852.359999999993
perfumery,11,SP,119,11284.079999999985
perfumery,12,SP,98,11642.029999999988
perfumery,1,SP,95,7757.639999999989
perfumery,2,SP,102,9551.599999999988
perfumery,3,SP,107,11364.709999999986
perfumery,4,SP,79,6909.799999999994
perfumery,5,SP,112,12180.70999999999
perfumery,6,SP,81,10831.889999999994
perfumery,7,SP,92,8762.619999999994
perfumery,8,SP,116,12533.189999999988
pet_shop,10,SP,2,479.88
pet_shop,1,BA,4,381.5
pet_shop,2,SP,10,719.49
pet_shop,3,RJ,6,2935.2000000000003
pet_shop,4,SP,18,1806.5
pet_shop,5,RS,7,3239.38
pet_shop,6,SP,34,2515.59
pet_shop,7,SP,30,2090.6100000000006
pet_shop,8,SP,46,4694.409999999999
pet_shop,9,SP,29,2986.39
pet_shop,10,SP,35,2920.0200000000004
pet_shop,11,SP,43,4237.3899999999985
pet_shop,12,SP,37,3773.22
pet_shop,1,SP,37,4183.069999999999
pet_shop,2,SP,46,4751.34
pet_shop,3,SP,60,5801.089999999997
pet_shop,4,SP,84,8467.949999999993
pet_shop,5,SP,77,6434.569999999995
pet_shop,6,SP,87,9234.099999999991
pet_shop,7,SP,87,10944.969999999994
pet_shop,8,SP,97,9801.95999999999
portateis_cozinha_e_preparadores_de_alimentos,5,PA,1,979.0
portateis_cozinha_e_preparadores_de_alimentos,7,SP,6,115.61
portateis_cozinha_e_preparadores_de_alimentos,8,MG,1,1099.0
security_and_services,1,RO,1,183.29
security_and_services,9,DF,1,100.0
signaling_and_security,3,RS,1,75.0
signaling_and_security,4,RN,1,75.0
signaling_and_security,5,ES,2,428.0
signaling_and_security,6,RJ,1,139.9
signaling_and_security,7,ES,2,268.0
signaling_and_security,8,SP,2,218.9
signaling_and_security,9,SP,7,206.4
signaling_and_security,10,SP,6,280.0
signaling_and_security,11,RJ,3,354.0
signaling_and_security,12,GO,1,670.0
signaling_and_security,1,SP,6,919.8
signaling_and_security,2,SP,8,388.9
signaling_and_security,3,SP,4,467.99
signaling_and_security,4,RJ,5,991.4300000000001
signaling_and_security,5,SC,2,299.8
signaling_and_security,6,MT,6,2919.4
signaling_and_security,7,SP,8,1555.7000000000003
signaling_and_security,8,SP,13,878.16
small_appliances,1,SP,2,948.9
small_appliances,2,SP,10,3310.5699999999993
small_appliances,3,SP,13,3247.5600000000004
small_appliances,4,SP,8,9195.5
small_appliances,5,MT,2,1694.0
small_appliances,6,SP,12,4516.649999999999
small_appliances,7,SP,16,2429.99
small_appliances,8,RJ,7,1676.98
small_appliances,9,SP,15,4278.469999999999
small_appliances,10,MG,6,2285.08
small_appliances,11,SP,13,3012.9600000000005
small_appliances,12,SP,17,3472.07
small_appliances,1,SP,23,4584.610000000001
small_appliances,2,PR,2,1948.05
small_appliances,3,SP,22,7192.569999999999
small_appliances,4,SP,33,5798.409999999999
small_appliances,5,SP,24,3726.98
small_appliances,6,SP,21,5027.379999999998
small_appliances,7,SC,4,2462.3
small_appliances,8,SP,12,3983.2299999999996
small_appliances_home_oven_and_coffee,6,MG,1,71.9
small_appliances_home_oven_and_coffee,8,SP,2,109.06
small_appliances_home_oven_and_coffee,9,PE,1,640.99
small_appliances_home_oven_and_coffee,1,SP,1,369.99
small_appliances_home_oven_and_coffee,2,SP,3,1524.9
small_appliances_home_oven_and_coffee,3,SC,1,2899.0
small_appliances_home_oven_and_coffee,4,SP,7,4006.98
small_appliances_home_oven_and_coffee,5,PR,2,3598.0
small_appliances_home_oven_and_coffee,6,MG,1,1999.0
small_appliances_home_oven_and_coffee,7,SP,7,1984.3899999999999
small_appliances_home_oven_and_coffee,8,SP,8,2072.4300000000003
sports_leisure,10,RJ,4,1783.39
sports_leisure,1,SP,38,4178.5999999999985
sports_leisure,2,SP,61,6647.189999999995
sports_leisure,3,SP,77,12626.949999999992
sports_leisure,4,SP,84,8288.229999999994
sports_leisure,5,SP,121,12166.909999999989
sports_leisure,6,SP,121,12228.479999999989
sports_leisure,7,SP,143,13197.389999999972
sports_leisure,8,SP,163,15201.629999999976
sports_leisure,9,SP,175,18031.48999999999
sports_leisure,10,SP,193,19688.540000000008
sports_leisure,11,SP,251,24254.760000000035
sports_leisure,12,SP,212,23967.44000000004
sports_leisure,1,SP,264,30821.220000000063
sports_leisure,2,SP,273,30513.600000000053
sports_leisure,3,SP,344,36701.700000000106
sports_leisure,4,SP,267,26936.870000000057
sports_leisure,5,SP,238,26835.380000000077
sports_leisure,6,SP,186,19378.329999999994
sports_leisure,7,SP,205,19948.070000000025
sports_leisure,8,SP,247,24484.750000000047
stationery,1,SP,4,834.5999999999999
stationery,2,SP,6,682.5
stationery,3,SP,14,1725.9900000000002
stationery,4,SP,13,1814.74
stationery,5,SP,19,1885.8800000000008
stationery,6,SP,14,1327.18
stationery,7,SP,34,2588.790000000001
stationery,8,SP,33,2697.65
stationery,9,SP,31,2180.0900000000006
stationery,10,SP,39,3010.8600000000006
stationery,11,SP,64,5334.999999999998
stationery,12,SP,98,9005.609999999995
stationery,1,SP,163,15873.059999999987
stationery,2,SP,58,4687.16
stationery,3,SP,61,4498.82
stationery,4,SP,67,4979.919999999999
stationery,5,SP,65,5549.6
stationery,6,SP,93,6156.759999999993
stationery,7,SP,94,7584.319999999995
stationery,8,SP,94,8180.199999999994
tablets_printing_image,2,BA,2,198.0
tablets_printing_image,3,PA,1,99.0
tablets_printing_image,4,MG,2,198.0
tablets_printing_image,5,ES,1,889.99
tablets_printing_image,6,SP,3,297.0
tablets_printing_image,7,SP,2,198.0
tablets_printing_image,8,MG,2,208.0
tablets_printing_image,9,RJ,2,198.0
tablets_printing_image,10,SP,1,99.0
tablets_printing_image,11,MG,2,159.8
tablets_printing_image,12,SP,6,419.4
tablets_printing_image,1,SP,3,161.8
tablets_printing_image,2,SP,7,371.37
tablets_printing_image,3,SP,3,259.29
tablets_printing_image,4,PR,1,52.0
tablets_printing_image,5,SP,1,49.9
tablets_printing_image,6,AM,1,50.0
telephony,9,RS,1,59.5
telephony,10,RS,1,239.9
telephony,1,SC,2,1415.98
telephony,2,SP,29,1185.9
telephony,3,SP,55,2915.85
telephony,4,SP,53,3315.409999999999
telephony,5,SP,76,3446.479999999999
telephony,6,SP,54,2523.279999999999
telephony,7,SP,51,3791.1599999999985
telephony,8,SP,40,2408.5699999999997
telephony,9,SP,57,6409.509999999996
telephony,10,SP,87,6355.4099999999935
telephony,11,SP,124,7107.94999999999
telephony,12,SP,106,4106.249999999996
telephony,1,SP,126,4996.639999999987
telephony,2,SP,142,4566.669999999987
telephony,3,SP,130,6183.469999999987
telephony,4,SP,132,8807.739999999982
telephony,5,SP,100,9740.579999999989
telephony,6,SP,76,3503.5899999999956
telephony,7,SP,94,9514.089999999993
telephony,8,SP,103,12197.86999999999
toys,10,SP,8,1345.18
toys,1,SP,15,1431.1200000000001
toys,2,SP,23,4371.82
toys,3,SP,39,5579.729999999997
toys,4,SP,33,3126.0300000000007
toys,5,SP,76,7685.369999999993
toys,6,SP,51,5066.309999999999
toys,7,SP,80,8642.839999999993
toys,8,SP,71,6543.459999999992
toys,9,SP,123,11808.199999999984
toys,10,SP,112,12321.209999999986
toys,11,SP,212,22461.05000000004
toys,12,SP,169,18599.539999999986
toys,1,SP,72,10511.549999999988
toys,2,SP,71,6690.629999999995
toys,3,SP,110,10759.769999999984
toys,4,SP,106,11854.789999999983
toys,5,SP,96,13535.699999999986
toys,6,SP,88,7669.319999999993
toys,7,SP,69,7319.439999999992
toys,8,SP,88,8238.76999999999
watches_gifts,10,RJ,1,1399.0
watches_gifts,1,SP,2,3221.4
watches_gifts,2,SP,18,4619.44
watches_gifts,3,SP,32,13026.26
watches_gifts,4,SP,43,9143.08
watches_gifts,5,SP,47,10953.899999999998
watches_gifts,6,SP,50,11364.96
watches_gifts,7,SP,60,12383.459999999995
watches_gifts,8,SP,76,11138.199999999995
watches_gifts,9,SP,108,15304.849999999993
watches_gifts,10,SP,125,26195.92000000002
watches_gifts,11,SP,184,36770.07000000003
watches_gifts,12,SP,151,25989.540000000008
watches_gifts,1,SP,143,31684.510000000024
watches_gifts,2,SP,106,18535.56
watches_gifts,3,SP,149,34098.21000000003
watches_gifts,4,SP,175,33015.78000000003
watches_gifts,5,SP,257,51449.70000000006
watches_gifts,6,SP,182,26976.750000000007
watches_gifts,7,SP,187,29719.99000000002
watches_gifts,8,SP,184,28755.440000000024
